-- phpMyAdmin SQL Dump
-- version 5.1.1
-- https://www.phpmyadmin.net/
--
-- Host: 127.0.0.1
-- Tempo de geração: 01-Jul-2023 às 20:51
-- Versão do servidor: 10.4.22-MariaDB
-- versão do PHP: 8.1.1

SET SQL_MODE = "NO_AUTO_VALUE_ON_ZERO";
START TRANSACTION;
SET time_zone = "+00:00";


/*!40101 SET @OLD_CHARACTER_SET_CLIENT=@@CHARACTER_SET_CLIENT */;
/*!40101 SET @OLD_CHARACTER_SET_RESULTS=@@CHARACTER_SET_RESULTS */;
/*!40101 SET @OLD_COLLATION_CONNECTION=@@COLLATION_CONNECTION */;
/*!40101 SET NAMES utf8mb4 */;

--
-- Banco de dados: `inventario2`
--

-- --------------------------------------------------------

--
-- Estrutura da tabela `abate`
--

CREATE TABLE `abate` (
  `motivo` varchar(250) NOT NULL,
  `nome` varchar(250) NOT NULL,
  `serial` varchar(250) NOT NULL,
  `tipo` varchar(250) NOT NULL
) ENGINE=InnoDB DEFAULT CHARSET=utf8mb4;

--
-- Extraindo dados da tabela `abate`
--

INSERT INTO `abate` (`motivo`, `nome`, `serial`, `tipo`) VALUES
('', 'PTC10DKT001', 'S458T456', 'COMPUTER'),
('', 'PTLT00003', '', 'COMPUTER'),
('', 'PTLT0006', '', 'COMPUTER'),
('', 'PTMO0002', 'MO00PT0002', 'COMPUTER');

-- --------------------------------------------------------

--
-- Estrutura da tabela `alocs`
--

CREATE TABLE `alocs` (
  `location` varchar(250) NOT NULL,
  `name` varchar(250) NOT NULL,
  `type` varchar(250) NOT NULL
) ENGINE=InnoDB DEFAULT CHARSET=utf8mb4;

--
-- Extraindo dados da tabela `alocs`
--

INSERT INTO `alocs` (`location`, `name`, `type`) VALUES
('GSSC68', 'PTLT0002', 'COMPUTER'),
('AA1', 'PTLT0003', 'COMPUTER'),
('AA2', 'PTLT0008', 'COMPUTER'),
('GSSC68', 'PTMO0001', 'MONITOR'),
('AA2', 'PTMO0002', 'MONITOR');

-- --------------------------------------------------------

--
-- Estrutura da tabela `computers`
--

CREATE TABLE `computers` (
  `loan` int(100) NOT NULL,
  `name` varchar(250) NOT NULL,
  `sapCode` varchar(250) NOT NULL,
  `serialno` varchar(250) NOT NULL,
  `syncDATE` datetime(6) NOT NULL,
  `syncOS` varchar(250) NOT NULL,
  `syncPROCESSOR` varchar(250) NOT NULL,
  `syncRAM` varchar(250) NOT NULL
) ENGINE=InnoDB DEFAULT CHARSET=utf8mb4;

--
-- Extraindo dados da tabela `computers`
--

INSERT INTO `computers` (`loan`, `name`, `sapCode`, `serialno`, `syncDATE`, `syncOS`, `syncPROCESSOR`, `syncRAM`) VALUES
(0, 'PTLT0001', '845', '123459876', '0000-00-00 00:00:00.000000', '', '', ''),
(0, 'PTLT0002', '', 'SG00LT0002', '0000-00-00 00:00:00.000000', '', '', ''),
(1, 'PTLT0003', '845', 'SG00LT0003', '0000-00-00 00:00:00.000000', '', '', ''),
(0, 'PTLT0004', '845', 'SG00LT00004', '0000-00-00 00:00:00.000000', '', '', ''),
(0, 'PTLT0005', '', 'SG00LT00005', '0000-00-00 00:00:00.000000', '', '', ''),
(0, 'PTLT0006', '930', 'SG00LT00006', '0000-00-00 00:00:00.000000', '', '', ''),
(1, 'PTLT0007', '100', 'SG00LT00007', '0000-00-00 00:00:00.000000', '', '', ''),
(1, 'PTLT0008', '100', 'SG00LT00008', '0000-00-00 00:00:00.000000', '', '', '');

-- --------------------------------------------------------

--
-- Estrutura da tabela `costcenter`
--

CREATE TABLE `costcenter` (
  `ccname` varchar(250) NOT NULL,
  `ccno` varchar(250) NOT NULL
) ENGINE=InnoDB DEFAULT CHARSET=utf8mb4;

-- --------------------------------------------------------

--
-- Estrutura da tabela `floors`
--

CREATE TABLE `floors` (
  `floor` varchar(250) NOT NULL,
  `height` varchar(250) NOT NULL,
  `width` varchar(250) NOT NULL
) ENGINE=InnoDB DEFAULT CHARSET=utf8mb4;

--
-- Extraindo dados da tabela `floors`
--

INSERT INTO `floors` (`floor`, `height`, `width`) VALUES
('0', '0', '0'),
('1', '0', '0'),
('FIN', '0', '0'),
('GSS', '0', '0'),
('IT', '0', '0'),
('RH', '0', '0'),
('SC', '0', '0');

-- --------------------------------------------------------

--
-- Estrutura da tabela `history`
--

CREATE TABLE `history` (
  `ccfrom` varchar(250) NOT NULL,
  `ccto` varchar(250) NOT NULL,
  `datahora` datetime(6) NOT NULL,
  `id` int(100) NOT NULL,
  `locfrom` varchar(250) NOT NULL,
  `locto` varchar(250) NOT NULL,
  `name` varchar(250) NOT NULL,
  `userfrom` varchar(250) NOT NULL,
  `userto` varchar(250) NOT NULL
) ENGINE=InnoDB DEFAULT CHARSET=utf8mb4;

--
-- Extraindo dados da tabela `history`
--

INSERT INTO `history` (`ccfrom`, `ccto`, `datahora`, `id`, `locfrom`, `locto`, `name`, `userfrom`, `userto`) VALUES
('STOCK', '', '2023-06-10 15:31:06.000000', 0, 'STOCK', 'GAB1', 'PTLT0001', 'STOCK', 'joao');

-- --------------------------------------------------------

--
-- Estrutura da tabela `loans`
--

CREATE TABLE `loans` (
  `datain` date NOT NULL,
  `dataout` date NOT NULL,
  `dataprevout` date NOT NULL,
  `id` int(100) NOT NULL,
  `name` varchar(250) NOT NULL,
  `user` varchar(250) NOT NULL,
  `viagem` int(100) NOT NULL
) ENGINE=InnoDB DEFAULT CHARSET=utf8mb4;

--
-- Extraindo dados da tabela `loans`
--

INSERT INTO `loans` (`datain`, `dataout`, `dataprevout`, `id`, `name`, `user`, `viagem`) VALUES
('2023-06-11', '0000-00-00', '2023-06-12', 0, 'PTLT0003', 'joao', 0);

-- --------------------------------------------------------

--
-- Estrutura da tabela `locations`
--

CREATE TABLE `locations` (
  `ccno` varchar(250) NOT NULL,
  `floor` varchar(250) NOT NULL,
  `groupname` varchar(250) NOT NULL,
  `location` varchar(250) NOT NULL,
  `user` varchar(250) NOT NULL
) ENGINE=InnoDB DEFAULT CHARSET=utf8mb4;

--
-- Extraindo dados da tabela `locations`
--

INSERT INTO `locations` (`ccno`, `floor`, `groupname`, `location`, `user`) VALUES
('', '0', 'Naval Engineer', 'AA1', 'John Doe'),
('', '0', 'Naval Engineer', 'AA2', 'moitaman'),
('', '0', '', 'AA3', ''),
('', '0', '', 'AA4', ''),
('', '0', '', 'AA5', ''),
('', '0', '', 'AA6', ''),
('', '0', '', 'AB1', ''),
('', '0', '', 'AB2', ''),
('', '0', '', 'AB3', ''),
('', '0', '', 'AB4', ''),
('', '0', '', 'AB5', ''),
('', '0', '', 'AB6', ''),
('', '0', '', 'AC1', ''),
('', '0', '', 'AC2', ''),
('', '0', '', 'AC3', ''),
('', '0', '', 'AC4', ''),
('', '0', '', 'AC5', ''),
('', '0', '', 'AC6', ''),
('', '0', '', 'AD1', ''),
('', '0', '', 'AD2', ''),
('', '0', '', 'AD3', ''),
('', '0', '', 'AD4', ''),
('', '0', '', 'AD5', ''),
('', '0', '', 'AD6', ''),
('', '0', '', 'AE1', ''),
('', '0', '', 'AE2', ''),
('', '0', '', 'AE3', ''),
('', '0', '', 'AF1', ''),
('', '0', '', 'AF2', ''),
('', '0', '', 'AF3', ''),
('', '0', '', 'AG1', ''),
('', '0', '', 'AG2', ''),
('', '0', '', 'AG3', ''),
('', '0', '', 'AH1', ''),
('', '0', '', 'AH2', ''),
('', '0', '', 'AH3', ''),
('', '0', '', 'GAB16', ''),
('', '0', '', 'GAB17', ''),
('', '0', '', 'GAB18', ''),
('', '0', '', 'REC1', ''),
('', '0', '', 'REC2', ''),
('', '0', '', 'REC3', ''),
('', '0', '', 'REGI', ''),
('', '0', '', 'TRAVEL', ''),
('', '1', '', 'A1', ''),
('', '1', '', 'A10', ''),
('', '1', '', 'A11', ''),
('', '1', '', 'A12', ''),
('', '1', '', 'A2', ''),
('', '1', '', 'A3', ''),
('', '1', '', 'A4', ''),
('', '1', '', 'A5', ''),
('', '1', '', 'A6', ''),
('', '1', '', 'A7', ''),
('', '1', '', 'A8', ''),
('', '1', '', 'A9', ''),
('', '1', '', 'B1', ''),
('', '1', '', 'B10', ''),
('', '1', '', 'B11', ''),
('', '1', '', 'B12', ''),
('', '1', '', 'B2', ''),
('', '1', '', 'B3', ''),
('', '1', '', 'B4', ''),
('', '1', '', 'B5', ''),
('', '1', '', 'B6', ''),
('', '1', '', 'B7', ''),
('', '1', '', 'B8', ''),
('', '1', '', 'B9', ''),
('', '1', '', 'C1', ''),
('', '1', '', 'C10', ''),
('', '1', '', 'C11', ''),
('', '1', '', 'C12', ''),
('', '1', '', 'C2', ''),
('', '1', '', 'C3', ''),
('', '1', '', 'C4', ''),
('', '1', '', 'C5', ''),
('', '1', '', 'C6', ''),
('', '1', '', 'C7', ''),
('', '1', '', 'C8', ''),
('', '1', '', 'C9', ''),
('', '1', '', 'D1', ''),
('', '1', '', 'D10', ''),
('', '1', '', 'D11', ''),
('', '1', '', 'D12', ''),
('', '1', '', 'D13', ''),
('', '1', '', 'D14', ''),
('', '1', '', 'D15', ''),
('', '1', '', 'D16', ''),
('', '1', '', 'D2', ''),
('', '1', '', 'D3', ''),
('', '1', '', 'D4', ''),
('', '1', '', 'D5', ''),
('', '1', '', 'D6', ''),
('', '1', '', 'D7', ''),
('', '1', '', 'D8', ''),
('', '1', '', 'D9', ''),
('', '1', '', 'E1', ''),
('', '1', '', 'E10', ''),
('', '1', '', 'E11', ''),
('', '1', '', 'E12', ''),
('', '1', '', 'E13', ''),
('', '1', '', 'E14', ''),
('', '1', '', 'E15', ''),
('', '1', '', 'E16', ''),
('', '1', '', 'E2', ''),
('', '1', '', 'E3', ''),
('', '1', '', 'E4', ''),
('', '1', '', 'E5', ''),
('', '1', '', 'E6', ''),
('', '1', '', 'E7', ''),
('', '1', '', 'E8', ''),
('', '1', '', 'E9', ''),
('', '1', '', 'F1', ''),
('', '1', '', 'F10', ''),
('', '1', '', 'F11', ''),
('', '1', '', 'F12', ''),
('', '1', '', 'F13', ''),
('', '1', '', 'F14', ''),
('', '1', '', 'F15', ''),
('', '1', '', 'F16', ''),
('', '1', '', 'F2', ''),
('', '1', '', 'F3', ''),
('', '1', '', 'F4', ''),
('', '1', '', 'F5', ''),
('', '1', '', 'F6', ''),
('', '1', '', 'F7', ''),
('', '1', '', 'F8', ''),
('', '1', '', 'F9', ''),
('', '1', '', 'G1', ''),
('', '1', '', 'G10', ''),
('', '1', '', 'G11', ''),
('', '1', '', 'G12', ''),
('', '1', '', 'G13', ''),
('', '1', '', 'G14', ''),
('', '1', '', 'G15', ''),
('', '1', '', 'G16', ''),
('', '1', '', 'G2', ''),
('', '1', '', 'G3', ''),
('', '1', '', 'G4', ''),
('', '1', '', 'G5', ''),
('', '1', '', 'G6', ''),
('', '1', '', 'G7', ''),
('', '1', '', 'G8', ''),
('', '1', '', 'G9', ''),
('', '1', 'IT', 'GAB1', 'joao'),
('', '1', '', 'GAB10', ''),
('', '1', '', 'GAB11', ''),
('', '1', '', 'GAB12', ''),
('', '1', '', 'GAB2', ''),
('', '1', '', 'GAB3', ''),
('', '1', '', 'GAB4', ''),
('', '1', '', 'GAB5', ''),
('', '1', '', 'GAB6', ''),
('', '1', '', 'GAB7', ''),
('', '1', '', 'GAB8', ''),
('', '1', '', 'GAB9', ''),
('', '1', '', 'H1', ''),
('', '1', '', 'H10', ''),
('', '1', '', 'H11', ''),
('', '1', '', 'H12', ''),
('', '1', '', 'H13', ''),
('', '1', '', 'H14', ''),
('', '1', '', 'H15', ''),
('', '1', '', 'H16', ''),
('', '1', '', 'H2', ''),
('', '1', '', 'H3', ''),
('', '1', '', 'H4', ''),
('', '1', '', 'H5', ''),
('', '1', '', 'H6', ''),
('', '1', '', 'H7', ''),
('', '1', '', 'H8', ''),
('', '1', '', 'H9', ''),
('', '1', '', 'I1', ''),
('', '1', '', 'I10', ''),
('', '1', '', 'I11', ''),
('', '1', '', 'I12', ''),
('', '1', '', 'I13', ''),
('', '1', '', 'I14', ''),
('', '1', '', 'I15', ''),
('', '1', '', 'I16', ''),
('', '1', '', 'I2', ''),
('', '1', '', 'I3', ''),
('', '1', '', 'I4', ''),
('', '1', '', 'I5', ''),
('', '1', '', 'I6', ''),
('', '1', '', 'I7', ''),
('', '1', '', 'I8', ''),
('', '1', '', 'I9', ''),
('', '1', '', 'J1', ''),
('', '1', '', 'J10', ''),
('', '1', '', 'J11', ''),
('', '1', '', 'J12', ''),
('', '1', '', 'J13', ''),
('', '1', '', 'J14', ''),
('', '1', '', 'J15', ''),
('', '1', '', 'J16', ''),
('', '1', '', 'J2', ''),
('', '1', '', 'J3', ''),
('', '1', '', 'J4', ''),
('', '1', '', 'J5', ''),
('', '1', '', 'J6', ''),
('', '1', '', 'J7', ''),
('', '1', '', 'J8', ''),
('', '1', '', 'J9', ''),
('', '1', '', 'K1', ''),
('', '1', '', 'K10', ''),
('', '1', '', 'K11', ''),
('', '1', '', 'K12', ''),
('', '1', '', 'K13', ''),
('', '1', '', 'K14', ''),
('', '1', '', 'K15', ''),
('', '1', '', 'K16', ''),
('', '1', '', 'K2', ''),
('', '1', '', 'K3', ''),
('', '1', '', 'K4', ''),
('', '1', '', 'K5', ''),
('', '1', '', 'K6', ''),
('', '1', '', 'K7', ''),
('', '1', '', 'K8', ''),
('', '1', '', 'K9', ''),
('', '1', '', 'L1', ''),
('', '1', '', 'L10', ''),
('', '1', '', 'L11', ''),
('', '1', '', 'L12', ''),
('', '1', '', 'L13', ''),
('', '1', '', 'L14', ''),
('', '1', '', 'L15', ''),
('', '1', '', 'L16', ''),
('', '1', '', 'L2', ''),
('', '1', '', 'L3', ''),
('', '1', '', 'L4', ''),
('', '1', '', 'L5', ''),
('', '1', '', 'L6', ''),
('', '1', '', 'L7', ''),
('', '1', '', 'L8', ''),
('', '1', '', 'L9', ''),
('', '1', '', 'M1', ''),
('', '1', '', 'M10', ''),
('', '1', '', 'M11', ''),
('', '1', '', 'M12', ''),
('', '1', '', 'M13', ''),
('', '1', '', 'M14', ''),
('', '1', '', 'M15', ''),
('', '1', '', 'M16', ''),
('', '1', '', 'M2', ''),
('', '1', '', 'M3', ''),
('', '1', '', 'M4', ''),
('', '1', '', 'M5', ''),
('', '1', '', 'M6', ''),
('', '1', '', 'M7', ''),
('', '1', '', 'M8', ''),
('', '1', '', 'M9', ''),
('', '1', '', 'MEETING1', ''),
('', '1', '', 'MEETING2', ''),
('', '1', '', 'MEETING3', ''),
('', '1', '', 'MEETING4', ''),
('', '1', '', 'N1', ''),
('', '1', '', 'N10', ''),
('', '1', '', 'N11', ''),
('', '1', '', 'N12', ''),
('', '1', '', 'N13', ''),
('', '1', '', 'N14', ''),
('', '1', '', 'N15', ''),
('', '1', '', 'N16', ''),
('', '1', '', 'N2', ''),
('', '1', '', 'N3', ''),
('', '1', '', 'N4', ''),
('', '1', '', 'N5', ''),
('', '1', '', 'N6', ''),
('', '1', '', 'N7', ''),
('', '1', '', 'N8', ''),
('', '1', '', 'N9', ''),
('', '1', '', 'O1', ''),
('', '1', '', 'O10', ''),
('', '1', '', 'O11', ''),
('', '1', '', 'O12', ''),
('', '1', '', 'O13', ''),
('', '1', '', 'O14', ''),
('', '1', '', 'O2', ''),
('', '1', '', 'O3', ''),
('', '1', '', 'O4', ''),
('', '1', '', 'O5', ''),
('', '1', '', 'O6', ''),
('', '1', '', 'O7', ''),
('', '1', '', 'O8', ''),
('', '1', '', 'O9', ''),
('', '1', '', 'PA1', ''),
('', '1', '', 'PA10', ''),
('', '1', '', 'PA11', ''),
('', '1', '', 'PA12', ''),
('', '1', '', 'PA2', ''),
('', '1', '', 'PA3', ''),
('', '1', '', 'PA4', ''),
('', '1', '', 'PA5', ''),
('', '1', '', 'PA6', ''),
('', '1', '', 'PA7', ''),
('', '1', '', 'PA8', ''),
('', '1', '', 'PA9', ''),
('', '1', '', 'PB1', ''),
('', '1', '', 'PB10', ''),
('', '1', '', 'PB11', ''),
('', '1', '', 'PB12', ''),
('', '1', '', 'PB2', ''),
('', '1', '', 'PB3', ''),
('', '1', '', 'PB4', ''),
('', '1', '', 'PB5', ''),
('', '1', '', 'PB6', ''),
('', '1', '', 'PB7', ''),
('', '1', '', 'PB8', ''),
('', '1', '', 'PB9', ''),
('', '1', '', 'Q1', ''),
('', '1', '', 'Q10', ''),
('', '1', '', 'Q11', ''),
('', '1', '', 'Q12', ''),
('', '1', '', 'Q13', ''),
('', '1', '', 'Q14', ''),
('', '1', '', 'Q2', ''),
('', '1', '', 'Q3', ''),
('', '1', '', 'Q4', ''),
('', '1', '', 'Q5', ''),
('', '1', '', 'Q6', ''),
('', '1', '', 'Q7', ''),
('', '1', '', 'Q8', ''),
('', '1', '', 'Q9', ''),
('', '1', '', 'QA10', ''),
('', '1', '', 'QA11', ''),
('', '1', '', 'QA12', ''),
('', '1', '', 'QA4', ''),
('', '1', '', 'QA5', ''),
('', '1', '', 'QA6', ''),
('', '1', '', 'QA6.1', ''),
('', '1', '', 'QA6.2', ''),
('', '1', '', 'QA7', ''),
('', '1', '', 'QA8', ''),
('', '1', '', 'QA9', ''),
('', '1', '', 'R1', ''),
('', '1', '', 'R10', ''),
('', '1', '', 'R11', ''),
('', '1', '', 'R12', ''),
('', '1', '', 'R13', ''),
('', '1', '', 'R14', ''),
('', '1', '', 'R2', ''),
('', '1', '', 'R3', ''),
('', '1', '', 'R4', ''),
('', '1', '', 'R5', ''),
('', '1', '', 'R6', ''),
('', '1', '', 'R7', ''),
('', '1', '', 'R8', ''),
('', '1', '', 'R9', ''),
('', '1', '', 'S1', ''),
('', '1', '', 'S10', ''),
('', '1', '', 'S11', ''),
('', '1', '', 'S12', ''),
('', '1', '', 'S13', ''),
('', '1', '', 'S14', ''),
('', '1', '', 'S2', ''),
('', '1', '', 'S3', ''),
('', '1', '', 'S4', ''),
('', '1', '', 'S5', ''),
('', '1', '', 'S6', ''),
('', '1', '', 'S7', ''),
('', '1', '', 'S8', ''),
('', '1', '', 'S9', ''),
('', '1', '', 'SALADIR1', ''),
('', '1', '', 'SALADIR2', ''),
('', '1', '', 'SALADIR3', ''),
('', '1', '', 'SERVROOM', ''),
('', '1', '', 'T1', ''),
('', '1', '', 'T10', ''),
('', '1', '', 'T11', ''),
('', '1', '', 'T12', ''),
('', '1', '', 'T13', ''),
('', '1', '', 'T14', ''),
('', '1', '', 'T2', ''),
('', '1', '', 'T3', ''),
('', '1', '', 'T4', ''),
('', '1', '', 'T5', ''),
('', '1', '', 'T6', ''),
('', '1', '', 'T7', ''),
('', '1', '', 'T8', ''),
('', '1', '', 'T9', ''),
('', '1', '', 'U1', ''),
('', '1', '', 'U10', ''),
('', '1', '', 'U11', ''),
('', '1', '', 'U12', ''),
('', '1', '', 'U13', ''),
('', '1', '', 'U14', ''),
('', '1', '', 'U2', ''),
('', '1', '', 'U3', ''),
('', '1', '', 'U4', ''),
('', '1', '', 'U5', ''),
('', '1', '', 'U6', ''),
('', '1', '', 'U7', ''),
('', '1', '', 'U8', ''),
('', '1', '', 'U9', ''),
('', '1', '', 'V1', ''),
('', '1', '', 'V10', ''),
('', '1', '', 'V11', ''),
('', '1', '', 'V12', ''),
('', '1', '', 'V13', ''),
('', '1', '', 'V14', ''),
('', '1', '', 'V2', ''),
('', '1', '', 'V3', ''),
('', '1', '', 'V4', ''),
('', '1', '', 'V5', ''),
('', '1', '', 'V6', ''),
('', '1', '', 'V7', ''),
('', '1', '', 'V8', ''),
('', '1', '', 'V9', ''),
('', 'FIN', '', 'FINC1', ''),
('', 'FIN', '', 'FINC10', ''),
('', 'FIN', '', 'FINC11', ''),
('', 'FIN', '', 'FINC12', ''),
('', 'FIN', '', 'FINC13', ''),
('', 'FIN', '', 'FINC14', ''),
('', 'FIN', '', 'FINC15', ''),
('', 'FIN', '', 'FINC16', ''),
('', 'FIN', '', 'FINC17', ''),
('', 'FIN', '', 'FINC18', ''),
('', 'FIN', '', 'FINC19', ''),
('', 'FIN', '', 'FINC2', ''),
('', 'FIN', '', 'FINC20', ''),
('', 'FIN', '', 'FINC21', ''),
('', 'FIN', '', 'FINC22', ''),
('', 'FIN', '', 'FINC23', ''),
('', 'FIN', '', 'FINC24', ''),
('', 'FIN', '', 'FINC25', ''),
('', 'FIN', '', 'FINC26', ''),
('', 'FIN', '', 'FINC27', ''),
('', 'FIN', '', 'FINC28', ''),
('', 'FIN', '', 'FINC29', ''),
('', 'FIN', '', 'FINC3', ''),
('', 'FIN', '', 'FINC30', ''),
('', 'FIN', '', 'FINC31', ''),
('', 'FIN', '', 'FINC32', ''),
('', 'FIN', '', 'FINC33', ''),
('', 'FIN', '', 'FINC34', ''),
('', 'FIN', '', 'FINC35', ''),
('', 'FIN', '', 'FINC36', ''),
('', 'FIN', '', 'FINC37', ''),
('', 'FIN', '', 'FINC38', ''),
('', 'FIN', '', 'FINC39', ''),
('', 'FIN', '', 'FINC4', ''),
('', 'FIN', '', 'FINC40', ''),
('', 'FIN', '', 'FINC41', ''),
('', 'FIN', '', 'FINC42', ''),
('', 'FIN', '', 'FINC43', ''),
('', 'FIN', '', 'FINC44', ''),
('', 'FIN', '', 'FINC45', ''),
('', 'FIN', '', 'FINC46', ''),
('', 'FIN', '', 'FINC47', ''),
('', 'FIN', '', 'FINC48', ''),
('', 'FIN', '', 'FINC49', ''),
('', 'FIN', '', 'FINC5', ''),
('', 'FIN', '', 'FINC50', ''),
('', 'FIN', '', 'FINC51', ''),
('', 'FIN', '', 'FINC52', ''),
('', 'FIN', '', 'FINC53', ''),
('', 'FIN', '', 'FINC54', ''),
('', 'FIN', '', 'FINC55', ''),
('', 'FIN', '', 'FINC56', ''),
('', 'FIN', '', 'FINC57', ''),
('', 'FIN', '', 'FINC58', ''),
('', 'FIN', '', 'FINC59', ''),
('', 'FIN', '', 'FINC6', ''),
('', 'FIN', '', 'FINC60', ''),
('', 'FIN', '', 'FINC61', ''),
('', 'FIN', '', 'FINC7', ''),
('', 'FIN', '', 'FINC8', ''),
('', 'FIN', '', 'FINC9', ''),
('', 'floor', '', 'location', ''),
('', 'GSS', '', 'GSSC1', ''),
('', 'GSS', '', 'GSSC10', ''),
('', 'GSS', '', 'GSSC11', ''),
('', 'GSS', '', 'GSSC12', ''),
('', 'GSS', '', 'GSSC13', ''),
('', 'GSS', '', 'GSSC14', ''),
('', 'GSS', '', 'GSSC15', ''),
('', 'GSS', '', 'GSSC16', ''),
('', 'GSS', '', 'GSSC17', ''),
('', 'GSS', '', 'GSSC18', ''),
('', 'GSS', '', 'GSSC19', ''),
('', 'GSS', '', 'GSSC2', ''),
('', 'GSS', '', 'GSSC20', ''),
('', 'GSS', '', 'GSSC21', ''),
('', 'GSS', '', 'GSSC22', ''),
('', 'GSS', '', 'GSSC23', ''),
('', 'GSS', '', 'GSSC24', ''),
('', 'GSS', '', 'GSSC25', ''),
('', 'GSS', '', 'GSSC26', ''),
('', 'GSS', '', 'GSSC27', ''),
('', 'GSS', '', 'GSSC28', ''),
('', 'GSS', '', 'GSSC29', ''),
('', 'GSS', '', 'GSSC3', ''),
('', 'GSS', '', 'GSSC30', ''),
('', 'GSS', '', 'GSSC31', ''),
('', 'GSS', '', 'GSSC32', ''),
('', 'GSS', '', 'GSSC33', ''),
('', 'GSS', '', 'GSSC34', ''),
('', 'GSS', '', 'GSSC35', ''),
('', 'GSS', '', 'GSSC36', ''),
('', 'GSS', '', 'GSSC37', ''),
('', 'GSS', '', 'GSSC38', ''),
('', 'GSS', '', 'GSSC39', ''),
('', 'GSS', '', 'GSSC4', ''),
('', 'GSS', '', 'GSSC40', ''),
('', 'GSS', '', 'GSSC41', ''),
('', 'GSS', '', 'GSSC42', ''),
('', 'GSS', '', 'GSSC43', ''),
('', 'GSS', '', 'GSSC44', ''),
('', 'GSS', '', 'GSSC45', ''),
('', 'GSS', '', 'GSSC46', ''),
('', 'GSS', '', 'GSSC47', ''),
('', 'GSS', '', 'GSSC48', ''),
('', 'GSS', '', 'GSSC49', ''),
('', 'GSS', '', 'GSSC5', ''),
('', 'GSS', '', 'GSSC50', ''),
('', 'GSS', '', 'GSSC51', ''),
('', 'GSS', '', 'GSSC52', ''),
('', 'GSS', '', 'GSSC53', ''),
('', 'GSS', '', 'GSSC54', ''),
('', 'GSS', '', 'GSSC55', ''),
('', 'GSS', '', 'GSSC56', ''),
('', 'GSS', '', 'GSSC57', ''),
('', 'GSS', '', 'GSSC58', ''),
('', 'GSS', '', 'GSSC59', ''),
('', 'GSS', '', 'GSSC6', ''),
('', 'GSS', '', 'GSSC60', ''),
('', 'GSS', '', 'GSSC61', ''),
('', 'GSS', '', 'GSSC62', ''),
('', 'GSS', '', 'GSSC63', ''),
('', 'GSS', '', 'GSSC64', ''),
('', 'GSS', '', 'GSSC65', ''),
('', 'GSS', '', 'GSSC66', ''),
('', 'GSS', '', 'GSSC67', ''),
('', 'GSS', 'engenharia qualidade', 'GSSC68', 'mariana'),
('', 'GSS', '', 'GSSC69', ''),
('', 'GSS', '', 'GSSC7', ''),
('', 'GSS', '', 'GSSC70', ''),
('', 'GSS', '', 'GSSC71', ''),
('', 'GSS', '', 'GSSC72', ''),
('', 'GSS', '', 'GSSC73', ''),
('', 'GSS', '', 'GSSC74', ''),
('', 'GSS', '', 'GSSC75', ''),
('', 'GSS', '', 'GSSC76', ''),
('', 'GSS', '', 'GSSC77', ''),
('', 'GSS', '', 'GSSC78', ''),
('', 'GSS', '', 'GSSC79', ''),
('', 'GSS', '', 'GSSC8', ''),
('', 'GSS', '', 'GSSC80', ''),
('', 'GSS', '', 'GSSC81', ''),
('', 'GSS', '', 'GSSC82', ''),
('', 'GSS', '', 'GSSC83', ''),
('', 'GSS', '', 'GSSC84', ''),
('', 'GSS', '', 'GSSC85', ''),
('', 'GSS', '', 'GSSC86', ''),
('', 'GSS', '', 'GSSC87', ''),
('', 'GSS', '', 'GSSC88', ''),
('', 'GSS', '', 'GSSC89', ''),
('', 'GSS', '', 'GSSC9', ''),
('', 'GSS', '', 'GSSC90', ''),
('', 'GSS', '', 'GSSC91', ''),
('', 'GSS', '', 'GSSC92', ''),
('', 'GSS', '', 'GSSC93', ''),
('', 'GSS', '', 'GSSC94', ''),
('', 'GSS', '', 'GSSC95', ''),
('', 'GSS', '', 'GSSC96', ''),
('', 'IT', '', 'ITD1', ''),
('', 'IT', '', 'ITD10', ''),
('', 'IT', '', 'ITD11', ''),
('', 'IT', '', 'ITD12', ''),
('', 'IT', '', 'ITD13', ''),
('', 'IT', '', 'ITD14', ''),
('', 'IT', '', 'ITD15', ''),
('', 'IT', '', 'ITD16', ''),
('', 'IT', '', 'ITD17', ''),
('', 'IT', '', 'ITD18', ''),
('', 'IT', '', 'ITD19', ''),
('', 'IT', '', 'ITD2', ''),
('', 'IT', '', 'ITD20', ''),
('', 'IT', '', 'ITD21', ''),
('', 'IT', '', 'ITD22', ''),
('', 'IT', '', 'ITD23', ''),
('', 'IT', '', 'ITD24', ''),
('', 'IT', '', 'ITD25', ''),
('', 'IT', '', 'ITD26', ''),
('', 'IT', '', 'ITD27', ''),
('', 'IT', '', 'ITD28', ''),
('', 'IT', '', 'ITD29', ''),
('', 'IT', '', 'ITD3', ''),
('', 'IT', '', 'ITD30', ''),
('', 'IT', '', 'ITD31', ''),
('', 'IT', '', 'ITD32', ''),
('', 'IT', '', 'ITD33', ''),
('', 'IT', '', 'ITD34', ''),
('', 'IT', '', 'ITD35', ''),
('', 'IT', '', 'ITD36', ''),
('', 'IT', '', 'ITD37', ''),
('', 'IT', '', 'ITD38', ''),
('', 'IT', '', 'ITD39', ''),
('', 'IT', '', 'ITD4', ''),
('', 'IT', '', 'ITD40', ''),
('', 'IT', '', 'ITD41', ''),
('', 'IT', '', 'ITD42', ''),
('', 'IT', '', 'ITD43', ''),
('', 'IT', '', 'ITD44', ''),
('', 'IT', '', 'ITD45', ''),
('', 'IT', '', 'ITD46', ''),
('', 'IT', '', 'ITD47', ''),
('', 'IT', '', 'ITD48', ''),
('', 'IT', '', 'ITD49', ''),
('', 'IT', '', 'ITD5', ''),
('', 'IT', '', 'ITD50', ''),
('', 'IT', '', 'ITD51', ''),
('', 'IT', '', 'ITD52', ''),
('', 'IT', '', 'ITD53', ''),
('', 'IT', '', 'ITD54', ''),
('', 'IT', '', 'ITD55', ''),
('', 'IT', '', 'ITD56', ''),
('', 'IT', '', 'ITD57', ''),
('', 'IT', '', 'ITD58', ''),
('', 'IT', '', 'ITD59', ''),
('', 'IT', '', 'ITD6', ''),
('', 'IT', '', 'ITD60', ''),
('', 'IT', '', 'ITD61', ''),
('', 'IT', '', 'ITD62', ''),
('', 'IT', '', 'ITD63', ''),
('', 'IT', '', 'ITD64', ''),
('', 'IT', '', 'ITD65', ''),
('', 'IT', '', 'ITD66', ''),
('', 'IT', '', 'ITD67', ''),
('', 'IT', '', 'ITD68', ''),
('', 'IT', '', 'ITD69', ''),
('', 'IT', '', 'ITD7', ''),
('', 'IT', '', 'ITD70', ''),
('', 'IT', '', 'ITD71', ''),
('', 'IT', '', 'ITD8', ''),
('', 'IT', '', 'ITD9', ''),
('', 'RH', '', 'HR1', ''),
('', 'RH', '', 'HR10', ''),
('', 'RH', '', 'HR11', ''),
('', 'RH', '', 'HR12', ''),
('', 'RH', '', 'HR13', ''),
('', 'RH', '', 'HR14', ''),
('', 'RH', '', 'HR15', ''),
('', 'RH', '', 'HR16', ''),
('', 'RH', '', 'HR17', ''),
('', 'RH', '', 'HR18', ''),
('', 'RH', '', 'HR19', ''),
('', 'RH', '', 'HR2', ''),
('', 'RH', '', 'HR20', ''),
('', 'RH', '', 'HR21', ''),
('', 'RH', '', 'HR22', ''),
('', 'RH', '', 'HR23', ''),
('', 'RH', '', 'HR24', ''),
('', 'RH', '', 'HR25', ''),
('', 'RH', '', 'HR26', ''),
('', 'RH', '', 'HR27', ''),
('', 'RH', '', 'HR28', ''),
('', 'RH', '', 'HR29', ''),
('', 'RH', '', 'HR3', ''),
('', 'RH', '', 'HR30', ''),
('', 'RH', '', 'HR31', ''),
('', 'RH', '', 'HR32', ''),
('', 'RH', '', 'HR33', ''),
('', 'RH', '', 'HR34', ''),
('', 'RH', '', 'HR35', ''),
('', 'RH', '', 'HR36', ''),
('', 'RH', '', 'HR37', ''),
('', 'RH', '', 'HR38', ''),
('', 'RH', '', 'HR4', ''),
('', 'RH', '', 'HR5', ''),
('', 'RH', '', 'HR6', ''),
('', 'RH', '', 'HR7', ''),
('', 'RH', '', 'HR8', ''),
('', 'RH', '', 'HR9', ''),
('', 'SC', '', 'SUC1', ''),
('', 'SC', '', 'SUC10', ''),
('', 'SC', '', 'SUC11', ''),
('', 'SC', '', 'SUC12', ''),
('', 'SC', '', 'SUC13', ''),
('', 'SC', '', 'SUC14', ''),
('', 'SC', '', 'SUC15', ''),
('', 'SC', '', 'SUC16', ''),
('', 'SC', '', 'SUC17', ''),
('', 'SC', '', 'SUC18', ''),
('', 'SC', '', 'SUC19', ''),
('', 'SC', '', 'SUC2', ''),
('', 'SC', '', 'SUC20', ''),
('', 'SC', '', 'SUC21', ''),
('', 'SC', '', 'SUC22', ''),
('', 'SC', '', 'SUC23', ''),
('', 'SC', '', 'SUC24', ''),
('', 'SC', '', 'SUC25', ''),
('', 'SC', '', 'SUC26', ''),
('', 'SC', '', 'SUC27', ''),
('', 'SC', '', 'SUC28', ''),
('', 'SC', '', 'SUC29', ''),
('', 'SC', '', 'SUC3', ''),
('', 'SC', '', 'SUC30', ''),
('', 'SC', '', 'SUC31', ''),
('', 'SC', '', 'SUC32', ''),
('', 'SC', '', 'SUC33', ''),
('', 'SC', '', 'SUC34', ''),
('', 'SC', '', 'SUC35', ''),
('', 'SC', '', 'SUC36', ''),
('', 'SC', '', 'SUC37', ''),
('', 'SC', '', 'SUC38', ''),
('', 'SC', '', 'SUC39', ''),
('', 'SC', '', 'SUC4', ''),
('', 'SC', '', 'SUC40', ''),
('', 'SC', '', 'SUC5', ''),
('', 'SC', '', 'SUC6', ''),
('', 'SC', '', 'SUC7', ''),
('', 'SC', '', 'SUC8', ''),
('', 'SC', '', 'SUC9', '');

-- --------------------------------------------------------

--
-- Estrutura da tabela `monitors`
--

CREATE TABLE `monitors` (
  `name` varchar(250) NOT NULL,
  `sapCode` varchar(250) NOT NULL,
  `serialno` varchar(250) NOT NULL
) ENGINE=InnoDB DEFAULT CHARSET=utf8mb4;

--
-- Extraindo dados da tabela `monitors`
--

INSERT INTO `monitors` (`name`, `sapCode`, `serialno`) VALUES
('PTMO0001', '845', 'MO00PT0001'),
('PTMO0002', '845', 'MO00PT0002');

-- --------------------------------------------------------

--
-- Estrutura da tabela `syncps`
--

CREATE TABLE `syncps` (
  `lastRow` int(100) NOT NULL,
  `lastSync` datetime(6) NOT NULL,
  `numRows` int(100) NOT NULL,
  `totalRows` int(100) NOT NULL
) ENGINE=InnoDB DEFAULT CHARSET=utf8mb4;

--
-- Índices para tabelas despejadas
--

--
-- Índices para tabela `abate`
--
ALTER TABLE `abate`
  ADD PRIMARY KEY (`nome`);

--
-- Índices para tabela `alocs`
--
ALTER TABLE `alocs`
  ADD PRIMARY KEY (`name`);

--
-- Índices para tabela `computers`
--
ALTER TABLE `computers`
  ADD PRIMARY KEY (`name`);

--
-- Índices para tabela `costcenter`
--
ALTER TABLE `costcenter`
  ADD PRIMARY KEY (`ccno`);

--
-- Índices para tabela `floors`
--
ALTER TABLE `floors`
  ADD PRIMARY KEY (`floor`);

--
-- Índices para tabela `history`
--
ALTER TABLE `history`
  ADD PRIMARY KEY (`id`);

--
-- Índices para tabela `loans`
--
ALTER TABLE `loans`
  ADD PRIMARY KEY (`id`);

--
-- Índices para tabela `locations`
--
ALTER TABLE `locations`
  ADD PRIMARY KEY (`floor`,`location`);

--
-- Índices para tabela `monitors`
--
ALTER TABLE `monitors`
  ADD PRIMARY KEY (`name`);

--
-- Índices para tabela `syncps`
--
ALTER TABLE `syncps`
  ADD PRIMARY KEY (`lastSync`);
COMMIT;

/*!40101 SET CHARACTER_SET_CLIENT=@OLD_CHARACTER_SET_CLIENT */;
/*!40101 SET CHARACTER_SET_RESULTS=@OLD_CHARACTER_SET_RESULTS */;
/*!40101 SET COLLATION_CONNECTION=@OLD_COLLATION_CONNECTION */;
